config	seed	source	rank	bigram_buckets	bigram_banks	gate_cap	peak_vram_mb	val_bpb	num_steps	attnres_final_latest	attnres_final_x0	attnres_final_register	attnres_final_entropy	attnres_final_memory_gate	attnres_final_memory_delta_norm	attnres_final_memory_rms	attnres_final_memory_embed_grad_norm	attnres_final_memory_proj_grad_norm	attnres_final_memory_gate_bias_grad_norm
strong_baseline	45	off	0	0	0	0	3199.8	2.153608	264	0.000137	0.230903	0.000000	0.515505						
blend_ngram_ref	45	tied_bigram	0	1048576	4	0.85	15749.0	1.845254	264	0.333600	0.051632	0.000000	1.209216	0.839844	11.545868	0.249996	0.133534		0.002124
lightblend_r96_b256k_c085	45	tied_bigram_factorized	96	262144	4	0.85	3991.9	1.849036	264	0.183676	0.168071	0.000000	1.806280	0.839844	7.358298	0.249985	0.145961	0.072287	0.001945
lightblend_r96_b256k_c080	45	tied_bigram_factorized	96	262144	4	0.80	3991.9	1.849789	264	0.021598	0.342080	0.000000	1.344042	0.789062	5.464595	0.249986	0.145806	0.070910	0.000795
lightblend_r96_b512k_c085	45	tied_bigram_factorized	96	524288	4	0.85	4766.7	1.844923	264	0.215999	0.171214	0.000000	1.806206	0.839844	7.585313	0.249987	0.141736	0.072228	0.001378
lightblend_r96_b512k_c080	45	tied_bigram_factorized	96	524288	4	0.80	4766.7	1.842295	264	0.088228	0.249980	0.000000	1.702469	0.789062	5.901888	0.249987	0.141083	0.071185	0.000812
lightblend_r128_b256k_c085	45	tied_bigram_factorized	128	262144	4	0.85	4254.0	1.842542	264	0.219279	0.174946	0.000000	1.802905	0.839844	7.531766	0.249986	0.138104	0.079072	0.001443
lightblend_r128_b256k_c080	45	tied_bigram_factorized	128	262144	4	0.80	4254.0	1.837754	264	0.089102	0.278744	0.000000	1.785254	0.789062	5.992778	0.249987	0.137234	0.077854	0.000563
lightblend_r128_b512k_c085	45	tied_bigram_factorized	128	524288	4	0.85	5277.8	1.839857	264	0.211659	0.196093	0.000000	1.813633	0.839844	7.633175	0.249988	0.133778	0.078947	0.001852
lightblend_r128_b512k_c080	45	tied_bigram_factorized	128	524288	4	0.80	5277.8	1.837516	264	0.038762	0.266601	0.000000	1.619346	0.789062	5.851081	0.249987	0.133423	0.077940	0.000768
strong_baseline	46	off	0	0	0	0	3199.8	2.145530	264	0.004251	0.406807	0.000000	0.815109						
blend_ngram_ref	46	tied_bigram	0	1048576	4	0.85	15749.0	1.836301	264	0.127727	0.310073	0.000000	1.836951	0.839844	13.052635	0.249994	0.130432		0.001519
lightblend_r96_b256k_c085	46	tied_bigram_factorized	96	262144	4	0.85	3991.9	1.850837	264	0.318291	0.201661	0.000000	1.636034	0.839844	7.202860	0.249986	0.146002	0.072739	0.001382
lightblend_r96_b256k_c080	46	tied_bigram_factorized	96	262144	4	0.80	3991.9	1.843428	264	0.184384	0.225734	0.000000	1.767828	0.789062	5.887498	0.249986	0.145331	0.071276	0.000605
lightblend_r96_b512k_c085	46	tied_bigram_factorized	96	524288	4	0.85	4766.7	1.847627	264	0.255172	0.183365	0.000000	1.723156	0.839844	7.297535	0.249988	0.141397	0.073099	0.001697
lightblend_r96_b512k_c080	46	tied_bigram_factorized	96	524288	4	0.80	4766.7	1.842539	264	0.124702	0.193994	0.000000	1.753155	0.789062	5.839917	0.249988	0.141303	0.071762	0.000582
lightblend_r128_b256k_c085	46	tied_bigram_factorized	128	262144	4	0.85	4254.0	1.845461	264	0.199617	0.150810	0.000000	1.597650	0.839844	7.213820	0.249986	0.138786	0.080488	0.001485
lightblend_r128_b256k_c080	46	tied_bigram_factorized	128	262144	4	0.80	4254.0	1.839883	264	0.197192	0.282815	0.000000	1.692036	0.789062	5.777493	0.249987	0.137597	0.078735	0.000684
lightblend_r128_b512k_c085	46	tied_bigram_factorized	128	524288	4	0.85	5277.8	1.841962	264	0.224446	0.154242	0.000000	1.737446	0.839844	7.601935	0.249986	0.134334	0.080086	0.001301
lightblend_r128_b512k_c080	46	tied_bigram_factorized	128	524288	4	0.80	5277.8	1.842722	264	0.234285	0.180072	0.000000	1.569141	0.789062	5.548149	0.249988	0.134368	0.080098	0.001195
strong_baseline	47	off	0	0	0	0	3199.8	2.102808	264	0.000303	0.628997	0.000000	0.612428						
blend_ngram_ref	47	tied_bigram	0	1048576	4	0.85	15749.0	1.839398	264	0.144106	0.274752	0.000000	1.835868	0.839844	12.426688	0.249995	0.130398		0.001224
lightblend_r96_b256k_c085	47	tied_bigram_factorized	96	262144	4	0.85	3991.9	1.848972	264	0.235967	0.131024	0.000000	1.675021	0.839844	7.402740	0.249988	0.146595	0.073869	0.001131
lightblend_r96_b256k_c080	47	tied_bigram_factorized	96	262144	4	0.80	3991.9	1.843248	264	0.152797	0.205814	0.000000	1.759637	0.789062	6.081893	0.249986	0.145163	0.071957	0.000838
lightblend_r96_b512k_c085	47	tied_bigram_factorized	96	524288	4	0.85	4766.7	1.848706	264	0.000792	0.126150	0.000000	1.381505	0.839844	7.072162	0.249986	0.142294	0.074565	0.001845
lightblend_r96_b512k_c080	47	tied_bigram_factorized	96	524288	4	0.80	4766.7	1.839564	264	0.054501	0.218012	0.000000	1.777247	0.789062	6.032084	0.249987	0.141102	0.072286	0.000618
lightblend_r128_b256k_c085	47	tied_bigram_factorized	128	262144	4	0.85	4254.0	1.842496	264	0.181321	0.111311	0.000000	1.774841	0.839844	7.563387	0.249985	0.138894	0.080905	0.001436
lightblend_r128_b256k_c080	47	tied_bigram_factorized	128	262144	4	0.80	4254.0	1.843341	264	0.280255	0.179426	0.000000	1.652424	0.789062	5.768857	0.249987	0.138559	0.079226	0.000536
lightblend_r128_b512k_c085	47	tied_bigram_factorized	128	524288	4	0.85	5277.8	1.839199	264	0.003755	0.162613	0.000000	1.379996	0.839844	7.576118	0.249988	0.134444	0.081428	0.001688
lightblend_r128_b512k_c080	47	tied_bigram_factorized	128	524288	4	0.80	5277.8	1.841722	264	0.101327	0.198588	0.000000	1.643901	0.789062	5.647480	0.249987	0.134507	0.079443	0.000628
strong_baseline	48	off	0	0	0	0	3199.8	2.100819	264	0.000673	0.598694	0.000000	0.686767						
blend_ngram_ref	48	tied_bigram	0	1048576	4	0.85	15749.0	1.842246	264	0.400329	0.093998	0.000000	1.080358	0.839844	11.895689	0.249995	0.132253		0.001272
lightblend_r96_b256k_c085	48	tied_bigram_factorized	96	262144	4	0.85	3991.9	1.846404	264	0.096527	0.183245	0.000000	1.724487	0.839844	7.540114	0.249986	0.146557	0.074502	0.000792
lightblend_r96_b256k_c080	48	tied_bigram_factorized	96	262144	4	0.80	3991.9	1.842109	264	0.146542	0.269838	0.000000	1.702401	0.789062	5.847946	0.249986	0.145204	0.073612	0.001011
lightblend_r96_b512k_c085	48	tied_bigram_factorized	96	524288	4	0.85	4766.7	1.844334	264	0.207990	0.183054	0.000000	1.702861	0.839844	7.466293	0.249987	0.141633	0.074545	0.001469
lightblend_r96_b512k_c080	48	tied_bigram_factorized	96	524288	4	0.80	4766.7	1.841713	264	0.175780	0.243808	0.000000	1.720544	0.789062	5.790248	0.249987	0.140883	0.074365	0.000798
lightblend_r128_b256k_c085	48	tied_bigram_factorized	128	262144	4	0.85	4254.0	1.843224	264	0.023255	0.258712	0.000000	1.474058	0.839844	7.053163	0.249987	0.138870	0.080971	0.000975
lightblend_r128_b256k_c080	48	tied_bigram_factorized	128	262144	4	0.80	4254.0	1.843624	264	0.157004	0.191397	0.000000	1.790754	0.789062	5.742449	0.249987	0.138493	0.080627	0.000948
lightblend_r128_b512k_c085	48	tied_bigram_factorized	128	524288	4	0.85	5277.8	1.840412	264	0.015428	0.235465	0.000000	1.574954	0.839844	7.222460	0.249989	0.134182	0.081302	0.001606
lightblend_r128_b512k_c080	48	tied_bigram_factorized	128	524288	4	0.80	5277.8	1.843532	264	0.461234	0.092403	0.000000	0.939103	0.789062	5.435076	0.249987	0.134165	0.080796	0.001228
