config	seed	mode	source	banks	bigram_buckets	value_scale	q_mod_scale	k_mod_scale	v_mod_scale	peak_vram_mb	val_bpb	num_steps	attnres_final_latest	attnres_final_x0	attnres_final_register	attnres_final_entropy	attnres_final_memory_rms	attnres_final_memory_mod_q_delta_norm	attnres_final_memory_mod_k_delta_norm	attnres_final_memory_mod_v_delta_norm	attnres_final_memory_mod_k_scale_mean	attnres_final_memory_mod_v_scale_mean	attnres_wte_grad_norm	attnres_final_memory_embed_grad_norm	attnres_final_memory_q_mod_proj_grad_norm	attnres_final_memory_k_mod_proj_grad_norm	attnres_final_memory_v_mod_proj_grad_norm
strong_baseline	45	off	off	0	0	0.0	0.0	0.0	0.0	3199.8	2.153608	264	0.000137	0.230903	0.000000	0.515505							0.131427				
blend_ngram_ref	45	static	tied_bigram	4	1048576	0.25	0.0	0.0	0.0	15748.0	1.845254	264	0.333600	0.051632	0.000000	1.209216	0.249996						0.075965	0.133534			
modqkv_q001_k002_v002	45	modqkv	tied_bigram	4	1048576	0.25	0.01	0.02	0.02	15665.0	2.013193	264	0.053181	0.105284	0.000000	1.046994	0.249995	0.147719	0.320582	0.292148	1.000417	0.999723	0.124210	0.040956	0.019815	0.000457	0.001018
modqkv_q002_k005_v005	45	modqkv	tied_bigram	4	1048576	0.25	0.02	0.05	0.05	15665.0	1.989714	264	0.028115	0.173845	0.000000	1.147993	0.249994	0.269093	0.787992	0.697972	0.999299	0.998937	0.124090	0.044398	0.035717	0.001192	0.002745
modqkv_q002_k005_v002	45	modqkv	tied_bigram	4	1048576	0.25	0.02	0.05	0.02	15665.0	1.996907	264	0.028389	0.194561	0.000000	1.143831	0.249994	0.267223	0.792825	0.288735	0.999100	0.999632	0.123973	0.042423	0.036010	0.001224	0.001062
modqkv_q002_k008_v002	45	modqkv	tied_bigram	4	1048576	0.25	0.02	0.08	0.02	15665.0	1.996052	264	0.027423	0.196368	0.000000	1.162012	0.249995	0.265664	1.264035	0.289156	0.999469	0.999655	0.124380	0.042909	0.035665	0.001909	0.001060
modqkv_q003_k008_v002	45	modqkv	tied_bigram	4	1048576	0.25	0.03	0.08	0.02	15665.0	1.999539	264	0.027075	0.189104	0.000000	1.062593	0.249994	0.366032	1.249942	0.289223	0.998374	0.999482	0.124883	0.044328	0.052145	0.002195	0.001055
modqkv_q003_k010_v002	45	modqkv	tied_bigram	4	1048576	0.25	0.03	0.10	0.02	15665.0	1.999471	264	0.027010	0.190673	0.000000	1.063719	0.249994	0.366015	1.558138	0.289515	0.997768	0.999485	0.124404	0.044350	0.052367	0.002780	0.001054
modqkv_q004_k010_v002	45	modqkv	tied_bigram	4	1048576	0.25	0.04	0.10	0.02	15665.0	2.002347	264	0.024673	0.189142	0.000000	0.951385	0.249994	0.441654	1.532276	0.290877	0.999142	0.999393	0.124963	0.046404	0.072472	0.003018	0.001049
strong_baseline	46	off	off	0	0	0.0	0.0	0.0	0.0	3199.8	2.145530	264	0.004251	0.406807	0.000000	0.815109							0.157527				
blend_ngram_ref	46	static	tied_bigram	4	1048576	0.25	0.0	0.0	0.0	15748.0	1.836301	264	0.127727	0.310073	0.000000	1.836951	0.249994						0.080929	0.130432			
modqkv_q001_k002_v002	46	modqkv	tied_bigram	4	1048576	0.25	0.01	0.02	0.02	15665.0	2.054310	264	0.056627	0.138511	0.000000	1.319548	0.249994	0.146153	0.334716	0.287252	1.001255	0.999798	0.108146	0.044931	0.021602	0.000384	0.000980
modqkv_q002_k005_v005	46	modqkv	tied_bigram	4	1048576	0.25	0.02	0.05	0.05	15665.0	2.015620	264	0.039901	0.149822	0.000000	1.156134	0.249994	0.284213	0.813215	0.700313	1.000737	0.999060	0.115586	0.045405	0.031801	0.001099	0.002720
modqkv_q002_k005_v002	46	modqkv	tied_bigram	4	1048576	0.25	0.02	0.05	0.02	15665.0	2.021523	264	0.043212	0.165670	0.000000	1.190128	0.249995	0.282337	0.814100	0.287665	1.001120	0.999595	0.115650	0.046121	0.034895	0.001139	0.001033
modqkv_q002_k008_v002	46	modqkv	tied_bigram	4	1048576	0.25	0.02	0.08	0.02	15665.0	2.021166	264	0.042368	0.162284	0.000000	1.189225	0.249995	0.283390	1.302653	0.287355	1.003161	0.999600	0.115497	0.046111	0.034788	0.001803	0.001024
modqkv_q003_k008_v002	46	modqkv	tied_bigram	4	1048576	0.25	0.03	0.08	0.02	15665.0	2.022028	264	0.036221	0.181829	0.000000	1.086554	0.249996	0.404791	1.289931	0.289327	1.003233	0.999532	0.116488	0.045024	0.045096	0.002084	0.001030
modqkv_q003_k010_v002	46	modqkv	tied_bigram	4	1048576	0.25	0.03	0.10	0.02	15665.0	2.022427	264	0.035339	0.180824	0.000000	1.084287	0.249995	0.404794	1.611773	0.289130	1.004241	0.999529	0.116581	0.045125	0.045839	0.002613	0.001036
modqkv_q004_k010_v002	46	modqkv	tied_bigram	4	1048576	0.25	0.04	0.10	0.02	15665.0	2.028425	264	0.032576	0.190780	0.000000	1.008609	0.249995	0.505062	1.596531	0.289967	1.004023	0.999505	0.118688	0.046509	0.058401	0.002793	0.001033
strong_baseline	47	off	off	0	0	0.0	0.0	0.0	0.0	3199.8	2.102808	264	0.000303	0.628997	0.000000	0.612428							0.143220				
blend_ngram_ref	47	static	tied_bigram	4	1048576	0.25	0.0	0.0	0.0	15748.0	1.839398	264	0.144106	0.274752	0.000000	1.835868	0.249995						0.078260	0.130398			
modqkv_q001_k002_v002	47	modqkv	tied_bigram	4	1048576	0.25	0.01	0.02	0.02	15665.0	2.022413	264	0.042104	0.165868	0.000000	1.256905	0.249995	0.141390	0.331162	0.285512	1.000930	0.999911	0.117828	0.040663	0.021782	0.000425	0.001059
modqkv_q002_k005_v005	47	modqkv	tied_bigram	4	1048576	0.25	0.02	0.05	0.05	15665.0	2.015882	264	0.041568	0.147902	0.000000	1.119393	0.249995	0.288101	0.824738	0.713705	1.002023	0.999585	0.117032	0.045860	0.041164	0.001240	0.002635
modqkv_q002_k005_v002	47	modqkv	tied_bigram	4	1048576	0.25	0.02	0.05	0.02	15665.0	2.020396	264	0.039514	0.148431	0.000000	1.136449	0.249993	0.286344	0.829102	0.287208	1.002072	0.999798	0.117319	0.045242	0.040827	0.001209	0.001050
modqkv_q002_k008_v002	47	modqkv	tied_bigram	4	1048576	0.25	0.02	0.08	0.02	15665.0	2.019672	264	0.039473	0.148843	0.000000	1.145739	0.249995	0.287104	1.325986	0.287182	1.004405	0.999808	0.117274	0.045061	0.040291	0.001934	0.001050
modqkv_q003_k008_v002	47	modqkv	tied_bigram	4	1048576	0.25	0.03	0.08	0.02	15665.0	2.016378	264	0.025803	0.184858	0.000000	0.967832	0.249996	0.423332	1.306372	0.282595	1.003143	0.999592	0.122243	0.047087	0.047185	0.002098	0.001087
modqkv_q003_k010_v002	47	modqkv	tied_bigram	4	1048576	0.25	0.03	0.10	0.02	15665.0	2.016077	264	0.026074	0.185096	0.000000	0.976490	0.249995	0.422203	1.631481	0.282478	1.003920	0.999597	0.122051	0.046889	0.048139	0.002650	0.001086
modqkv_q004_k010_v002	47	modqkv	tied_bigram	4	1048576	0.25	0.04	0.10	0.02	15665.0	2.016123	264	0.020390	0.208748	0.000000	0.884814	0.249994	0.513598	1.597869	0.284808	1.004943	0.999501	0.123416	0.045353	0.059754	0.002807	0.001079
strong_baseline	48	off	off	0	0	0.0	0.0	0.0	0.0	3199.8	2.100819	264	0.000673	0.598694	0.000000	0.686767							0.141231				
blend_ngram_ref	48	static	tied_bigram	4	1048576	0.25	0.0	0.0	0.0	15748.0	1.842246	264	0.400329	0.093998	0.000000	1.080358	0.249995						0.076255	0.132253			
modqkv_q001_k002_v002	48	modqkv	tied_bigram	4	1048576	0.25	0.01	0.02	0.02	15665.0	2.001426	264	0.035767	0.299368	0.000000	1.192312	0.249995	0.143469	0.311234	0.272257	1.000223	0.999408	0.121997	0.040091	0.019970	0.000511	0.001179
modqkv_q002_k005_v005	48	modqkv	tied_bigram	4	1048576	0.25	0.02	0.05	0.05	15665.0	1.997346	264	0.029943	0.308850	0.000000	1.121494	0.249994	0.274164	0.781571	0.684518	1.000049	0.998613	0.118565	0.044624	0.035130	0.001262	0.002885
modqkv_q002_k005_v002	48	modqkv	tied_bigram	4	1048576	0.25	0.02	0.05	0.02	15665.0	2.000845	264	0.030410	0.335351	0.000000	1.100428	0.249996	0.271543	0.785574	0.278099	0.999565	0.999433	0.119859	0.042663	0.034025	0.001234	0.001140
modqkv_q002_k008_v002	48	modqkv	tied_bigram	4	1048576	0.25	0.02	0.08	0.02	15665.0	2.003323	264	0.029434	0.337776	0.000000	1.091717	0.249995	0.272797	1.254158	0.280082	1.000374	0.999451	0.119638	0.042280	0.033740	0.002008	0.001117
modqkv_q003_k008_v002	48	modqkv	tied_bigram	4	1048576	0.25	0.03	0.08	0.02	15665.0	2.003633	264	0.022044	0.281300	0.000000	1.069978	0.249993	0.380884	1.242562	0.284968	0.999871	0.999467	0.120296	0.045121	0.049124	0.002107	0.001107
modqkv_q003_k010_v002	48	modqkv	tied_bigram	4	1048576	0.25	0.03	0.10	0.02	15665.0	2.002583	264	0.022653	0.277971	0.000000	1.074945	0.249995	0.380209	1.547084	0.284990	0.999759	0.999465	0.120551	0.045236	0.049912	0.002688	0.001111
modqkv_q004_k010_v002	48	modqkv	tied_bigram	4	1048576	0.25	0.04	0.10	0.02	15665.0	2.001798	264	0.022321	0.257927	0.000000	1.042184	0.249995	0.457567	1.535895	0.284353	1.001892	0.999423	0.122502	0.048366	0.060960	0.002654	0.001106
